course_name,topics,difficulty,keywords
Choosing the Right LLM for Your Business,"LLM, Business",Intermediate,"LLM, Business Strategy"
Improving Real-World RAG Systems: Key Challenges,"RAG Systems, AI",Advanced,"RAG, Challenges, AI"
SSM And Mamba For AI,"AI, SSM, Mamba",Advanced,"SSM, Mamba, AI"
GenAI: A Way of Life,Generative AI,Beginner,"Generative AI, AI Applications"
Getting Started with LLMs,LLMs,Beginner,"LLMs, Introduction"
Building LLM Applications Using Prompt Engineering,"LLMs, Prompt Engineering",Intermediate,"LLMs, Prompt Engineering"
Midjourney: From Inspiration to Implementation,"Midjourney, AI Art",Intermediate,"Midjourney, AI Art, Creativity"
Building First RAG Systems Using LlamaIndex,"RAG Systems, LlamaIndex",Intermediate,"RAG, LlamaIndex, AI"
Exploring Stability AI,Stability AI,Beginner,"Stability AI, AI Research"
Introduction to AI and ML,"AI, Machine Learning",Beginner,"AI, Machine Learning, Introduction"
Introduction to Data Science,Data Science,Beginner,"Data Science, Introduction"
Machine Learning Certification Course for Beginners,Machine Learning,Beginner,"Machine Learning, Certification, Beginner"
The Working of Neural Networks,Neural Networks,Intermediate,"Neural Networks, Deep Learning"
Understanding Linear Regression,Linear Regression,Beginner,"Linear Regression, Statistics"
Building Text Classification Models in NLP,"NLP, Text Classification",Intermediate,"Text Classification, NLP"
Guide to Unsupervised Machine Learning,Unsupervised Learning,Intermediate,"Unsupervised ML, Clustering, Dimensionality Reduction"
Bagging and Boosting ML Algorithms,ML Algorithms,Advanced,"Bagging, Boosting, Ensemble Methods"
Data Preprocessing,Data Preprocessing,Beginner,"Data Cleaning, Feature Engineering"
Introduction to Analytics,Analytics,Beginner,"Analytics, Introduction"
Microsoft Excel: Formulas and Functions,"Excel, Formulas",Beginner,"Excel, Formulas, Functions"
Tableau for Beginners,Tableau,Beginner,"Tableau, Data Visualization"
Loan Prediction Practice Problem using Python,"Loan Prediction, Python",Intermediate,"Loan Prediction, Python, Machine Learning"
Twitter Sentiment Analysis,"Sentiment Analysis, NLP",Intermediate,"Twitter, Sentiment Analysis, NLP"
Introduction to Web Scraping,Web Scraping,Beginner,"Web Scraping, Python"
Big Mart Sales Prediction using R,"Sales Prediction, R",Intermediate,"Sales Prediction, R, Machine Learning"
Creating Time Series Forecast using Python,"Time Series, Forecasting",Intermediate,"Time Series, Forecasting, Python"
